Workbook

Sheet Sales_Data
A1: Order_ID | B1: Date | C1: Region | D1: Salesperson | E1: Product_ID | F1: Category | G1: Sales_Amount | H1: Quantity | I1: Product_Name | J1: Price | K1: Performance Category | L1: Categorize Regions | M1: Bonus
A2: 1001 | B2: 45292 | C2: North | D2: Amit | E2: P101 | F2: Electronics | G2: 15000 | H2: 2 | I2: =VLOOKUP(E2,Product_Master!A:C,2,0) -> Laptop | J2: =VLOOKUP(E2,Product_Master!A:C,3,0) -> 7500 | K2: =IF(G2>15000, "High", IF(G2>=5000,"Medium","Low")) -> Medium | L2: =IF(C2="North","Zone 1",IF( C2="South","Zone 2",IF(C2="East","Zone 3",IF(C2="West","Zone 4")))) -> Zone 1 | M2: =IF(K2="High","10%",IF(K2="Medium","5%",IF(K2="Low","2%"))) -> 5%
A3: 1002 | B3: 45293 | C3: South | D3: Ravi | E3: P102 | F3: Furniture | G3: 8000 | H3: 1 | I3: =VLOOKUP(E3,Product_Master!A:C,2,0) -> Chair | J3: =VLOOKUP(E3,Product_Master!A:C,3,0) -> 7000 | K3: =IF(G3>15000, "High", IF(G3>=5000,"Medium","Low")) -> Medium | L3: =IF(C3="North","Zone 1",IF( C3="South","Zone 2",IF(C3="East","Zone 3",IF(C3="West","Zone 4")))) -> Zone 2 | M3: =IF(K3="High","10%",IF(K3="Medium","5%",IF(K3="Low","2%"))) -> 5%
A4: 1003 | B4: 45293 | C4: East | D4: Neha | E4: P103 | F4: Clothing | G4: 2000 | H4: 5 | I4: =VLOOKUP(E4,Product_Master!A:C,2,0) -> T-Shirt | J4: =VLOOKUP(E4,Product_Master!A:C,3,0) -> 500 | K4: =IF(G4>15000, "High", IF(G4>=5000,"Medium","Low")) -> Low | L4: =IF(C4="North","Zone 1",IF( C4="South","Zone 2",IF(C4="East","Zone 3",IF(C4="West","Zone 4")))) -> Zone 3 | M4: =IF(K4="High","10%",IF(K4="Medium","5%",IF(K4="Low","2%"))) -> 2%
A5: 1004 | B5: 45294 | C5: West | D5: Priya | E5: P101 | F5: Electronics | G5: 12000 | H5: 1 | I5: =VLOOKUP(E5,Product_Master!A:C,2,0) -> Laptop | J5: =VLOOKUP(E5,Product_Master!A:C,3,0) -> 7500 | K5: =IF(G5>15000, "High", IF(G5>=5000,"Medium","Low")) -> Medium | L5: =IF(C5="North","Zone 1",IF( C5="South","Zone 2",IF(C5="East","Zone 3",IF(C5="West","Zone 4")))) -> Zone 4 | M5: =IF(K5="High","10%",IF(K5="Medium","5%",IF(K5="Low","2%"))) -> 5%
A6: 1005 | B6: 45294 | C6: North | D6: Amit | E6: P104 | F6: Clothing | G6: 3000 | H6: 3 | I6: =VLOOKUP(E6,Product_Master!A:C,2,0) -> Jeans | J6: =VLOOKUP(E6,Product_Master!A:C,3,0) -> 1500 | K6: =IF(G6>15000, "High", IF(G6>=5000,"Medium","Low")) -> Low | L6: =IF(C6="North","Zone 1",IF( C6="South","Zone 2",IF(C6="East","Zone 3",IF(C6="West","Zone 4")))) -> Zone 1 | M6: =IF(K6="High","10%",IF(K6="Medium","5%",IF(K6="Low","2%"))) -> 2%
A7: 1006 | B7: 45295 | C7: South | D7: Ravi | E7: P105 | F7: Furniture | G7: 10000 | H7: 2 | I7: =VLOOKUP(E7,Product_Master!A:C,2,0) -> Table | J7: =VLOOKUP(E7,Product_Master!A:C,3,0) -> 5000 | K7: =IF(G7>15000, "High", IF(G7>=5000,"Medium","Low")) -> Medium | L7: =IF(C7="North","Zone 1",IF( C7="South","Zone 2",IF(C7="East","Zone 3",IF(C7="West","Zone 4")))) -> Zone 2 | M7: =IF(K7="High","10%",IF(K7="Medium","5%",IF(K7="Low","2%"))) -> 5%
A8: 1007 | B8: 45296 | C8: East | D8: Neha | E8: P101 | F8: Electronics | G8: 18000 | H8: 2 | I8: =VLOOKUP(E8,Product_Master!A:C,2,0) -> Laptop | J8: =VLOOKUP(E8,Product_Master!A:C,3,0) -> 7500 | K8: =IF(G8>15000, "High", IF(G8>=5000,"Medium","Low")) -> High | L8: =IF(C8="North","Zone 1",IF( C8="South","Zone 2",IF(C8="East","Zone 3",IF(C8="West","Zone 4")))) -> Zone 3 | M8: =IF(K8="High","10%",IF(K8="Medium","5%",IF(K8="Low","2%"))) -> 10%
A9: 1008 | B9: 45297 | C9: West | D9: Priya | E9: P102 | F9: Furniture | G9: 7000 | H9: 1 | I9: =VLOOKUP(E9,Product_Master!A:C,2,0) -> Chair | J9: =VLOOKUP(E9,Product_Master!A:C,3,0) -> 7000 | K9: =IF(G9>15000, "High", IF(G9>=5000,"Medium","Low")) -> Medium | L9: =IF(C9="North","Zone 1",IF( C9="South","Zone 2",IF(C9="East","Zone 3",IF(C9="West","Zone 4")))) -> Zone 4 | M9: =IF(K9="High","10%",IF(K9="Medium","5%",IF(K9="Low","2%"))) -> 5%
A10: 1009 | B10: 45298 | C10: North | D10: Amit | E10: P103 | F10: Clothing | G10: 2500 | H10: 4 | I10: =VLOOKUP(E10,Product_Master!A:C,2,0) -> T-Shirt | J10: =VLOOKUP(E10,Product_Master!A:C,3,0) -> 500 | K10: =IF(G10>15000, "High", IF(G10>=5000,"Medium","Low")) -> Low | L10: =IF(C10="North","Zone 1",IF( C10="South","Zone 2",IF(C10="East","Zone 3",IF(C10="West","Zone 4")))) -> Zone 1 | M10: =IF(K10="High","10%",IF(K10="Medium","5%",IF(K10="Low","2%"))) -> 2%
A11: 1010 | B11: 45299 | C11: South | D11: Ravi | E11: P104 | F11: Clothing | G11: 3500 | H11: 2 | I11: =VLOOKUP(E11,Product_Master!A:C,2,0) -> Jeans | J11: =VLOOKUP(E11,Product_Master!A:C,3,0) -> 1500 | K11: =IF(G11>15000, "High", IF(G11>=5000,"Medium","Low")) -> Low | L11: =IF(C11="North","Zone 1",IF( C11="South","Zone 2",IF(C11="East","Zone 3",IF(C11="West","Zone 4")))) -> Zone 2 | M11: =IF(K11="High","10%",IF(K11="Medium","5%",IF(K11="Low","2%"))) -> 2%
A14: SUMIF
A15: Total Sales for Electronics
A16: =SUMIF(F2:F11,"Electronics",G2:G11) -> 45000
A18: SUMIFS
A19: Total Sales for North Region and Clothing Category
A20: =SUMIFS(G2:G11,C2:C11,"North",F2:F11,"Clothing") -> 5500
A22: COUNTIF
A23: No.of Orders in Furniture Category
A24: =COUNTIF(F2:F11,"Furniture") -> 3
A26: COUNTIFS
A27: No.of orders where Region = South AND Sales > 5000
A28: =COUNTIFS(C2:C11,"South",G2:G11, ">5000") -> 2

Sheet Product_Master
A1: Product_ID | B1: Product_Name | C1: Price
A2: P101 | B2: Laptop | C2: 7500
A3: P102 | B3: Chair | C3: 7000
A4: P103 | B4: T-Shirt | C4: 500
A5: P104 | B5: Jeans | C5: 1500
A6: P105 | B6: Table | C6: 5000

Sheet Pivot Total Sales By Region
A3: Row Labels | B3: Sum of Sales_Amount
A4: East | B4: 20000
A5: North | B5: 20500
A6: South | B6: 21500
A7: West | B7: 19000
A8: Grand Total | B8: 81000

Sheet Pivot Total Sales By Category
A3: Row Labels | B3: Sum of Sales_Amount
A4: Clothing | B4: 11000
A5: Electronics | B5: 45000
A6: Furniture | B6: 25000
A7: Grand Total | B7: 81000

Sheet Pivot Sales Person Vs Sales
A3: Row Labels | B3: Sum of Sales_Amount
A4: Amit | B4: 20500
A5: Neha | B5: 20000
A6: Priya | B6: 19000
A7: Ravi | B7: 21500
A8: Grand Total | B8: 81000
